<?xml version='1.0' encoding='UTF-8'?>
<!--
Romulan Star Empire and Tal Shiar
http://www.shipschematics.net/startrek/romulan.php
-->
<platforms>
	<platform>
		<name><![CDATA[Assault Ships]]></name>
		<notes><![CDATA[]]></notes>
	</platform>
	<platform>
		<name><![CDATA[Battleships]]></name>
		<notes><![CDATA[]]></notes>
	</platform>
	<platform>
		<name><![CDATA[Couriers]]></name>
		<notes><![CDATA[]]></notes>
	</platform>
	<platform>
		<name><![CDATA[Cruisers]]></name>
		<notes><![CDATA[]]></notes>
	</platform>
	<platform>
		<name><![CDATA[Cutters]]></name>
		<notes><![CDATA[]]></notes>
	</platform>
	<platform>
		<name><![CDATA[Destroyers]]></name>
		<notes><![CDATA[]]></notes>
	</platform>
	<platform>
		<name><![CDATA[Escorts]]></name>
		<notes><![CDATA[]]></notes>
	</platform>
	<platform>
		<name><![CDATA[Gunboats]]></name>
		<notes><![CDATA[]]></notes>
	</platform>
	<platform>
		<name><![CDATA[Monitors]]></name>
		<notes><![CDATA[]]></notes>
	</platform>
	<platform>
		<name><![CDATA[Scouts]]></name>
		<notes><![CDATA[]]></notes>
	</platform>
	<platform>
		<name><![CDATA[Freighters]]></name>
		<notes><![CDATA[]]></notes>
	</platform>
	<platform>
		<name><![CDATA[Transports]]></name>
		<notes><![CDATA[]]></notes>
	</platform>
	<platform>
		<name><![CDATA[Small Craft]]></name>
		<notes><![CDATA[]]></notes>
	</platform>
	<platform>
		<name><![CDATA[Tenders]]></name>
		<notes><![CDATA[]]></notes>
	</platform>
	<platform>
		<name><![CDATA[Docks/Stations]]></name>
		<notes><![CDATA[]]></notes>
	</platform>
	
</platforms>
