<?xml version="1.0"?>
<Factura><Id_Factura>39</Id_Factura><Cedula_Cliente>1756300271</Cedula_Cliente><Cedula_Vendedor>Vendedor_C</Cedula_Vendedor><Fecha_Emision>2024-09-02 03:53:29</Fecha_Emision><Total_Sin_Iva>19</Total_Sin_Iva><IVA>2.85</IVA><Valor_Total>21.85</Valor_Total><Productos><Producto><Codigo>F0001</Codigo><Cantidad>2</Cantidad><Nombre>Crema Facial</Nombre><Precio_Unitario>5</Precio_Unitario></Producto><Producto><Codigo>43</Codigo><Cantidad>1</Cantidad><Nombre>Tratamiento facial</Nombre><Precio_Unitario>9</Precio_Unitario></Producto></Productos></Factura>
